{
  "PUT Activity" : {
    "transaction" : "PUT Activity",
    "sampleCount" : 221,
    "errorCount" : 0,
    "errorPct" : 0.0,
    "meanResTime" : 229.0950226244344,
    "medianResTime" : 228.0,
    "minResTime" : 220.0,
    "maxResTime" : 254.0,
    "pct1ResTime" : 236.8,
    "pct2ResTime" : 241.89999999999998,
    "pct3ResTime" : 252.34,
    "throughput" : 3.876716894416475,
    "receivedKBytesPerSec" : 13.030455004429282,
    "sentKBytesPerSec" : 1.180621869901942
  },
  "GET all Activity" : {
    "transaction" : "GET all Activity",
    "sampleCount" : 226,
    "errorCount" : 0,
    "errorPct" : 0.0,
    "meanResTime" : 328.070796460177,
    "medianResTime" : 228.0,
    "minResTime" : 220.0,
    "maxResTime" : 2017.0,
    "pct1ResTime" : 919.3,
    "pct2ResTime" : 936.65,
    "pct3ResTime" : 1126.9599999999984,
    "throughput" : 3.7686766275346852,
    "receivedKBytesPerSec" : 12.668051867245863,
    "sentKBytesPerSec" : 0.5630932851687567
  },
  "DELETE User" : {
    "transaction" : "DELETE User",
    "sampleCount" : 199,
    "errorCount" : 0,
    "errorPct" : 0.0,
    "meanResTime" : 228.05025125628146,
    "medianResTime" : 226.0,
    "minResTime" : 220.0,
    "maxResTime" : 254.0,
    "pct1ResTime" : 237.0,
    "pct2ResTime" : 242.0,
    "pct3ResTime" : 253.0,
    "throughput" : 3.9169373093199487,
    "receivedKBytesPerSec" : 2.092348347849621,
    "sentKBytesPerSec" : 0.903096859315028
  },
  "GET Activitiy" : {
    "transaction" : "GET Activitiy",
    "sampleCount" : 221,
    "errorCount" : 0,
    "errorPct" : 0.0,
    "meanResTime" : 228.08597285067887,
    "medianResTime" : 226.0,
    "minResTime" : 220.0,
    "maxResTime" : 268.0,
    "pct1ResTime" : 237.0,
    "pct2ResTime" : 240.0,
    "pct3ResTime" : 256.9,
    "throughput" : 3.875629132104589,
    "receivedKBytesPerSec" : 2.606798325894814,
    "sentKBytesPerSec" : 0.5891948205110218
  },
  "DELETE CoverPhoto" : {
    "transaction" : "DELETE CoverPhoto",
    "sampleCount" : 206,
    "errorCount" : 0,
    "errorPct" : 0.0,
    "meanResTime" : 230.68932038834947,
    "medianResTime" : 229.0,
    "minResTime" : 221.0,
    "maxResTime" : 257.0,
    "pct1ResTime" : 240.0,
    "pct2ResTime" : 243.64999999999998,
    "pct3ResTime" : 255.93,
    "throughput" : 3.9887694839771513,
    "receivedKBytesPerSec" : 2.130719636460451,
    "sentKBytesPerSec" : 0.9481798818859521
  },
  "GET Book" : {
    "transaction" : "GET Book",
    "sampleCount" : 212,
    "errorCount" : 0,
    "errorPct" : 0.0,
    "meanResTime" : 234.69811320754724,
    "medianResTime" : 233.0,
    "minResTime" : 223.0,
    "maxResTime" : 314.0,
    "pct1ResTime" : 243.0,
    "pct2ResTime" : 250.35,
    "pct3ResTime" : 281.31000000000006,
    "throughput" : 3.9811458939738222,
    "receivedKBytesPerSec" : 4.331674815965898,
    "sentKBytesPerSec" : 0.5885856310210137
  },
  "GET all Author" : {
    "transaction" : "GET all Author",
    "sampleCount" : 220,
    "errorCount" : 0,
    "errorPct" : 0.0,
    "meanResTime" : 259.7181818181817,
    "medianResTime" : 234.5,
    "minResTime" : 224.0,
    "maxResTime" : 555.0,
    "pct1ResTime" : 446.9,
    "pct2ResTime" : 461.0,
    "pct3ResTime" : 478.15999999999997,
    "throughput" : 3.895391044141863,
    "receivedKBytesPerSec" : 181.13404087615314,
    "sentKBytesPerSec" : 0.5706139224817183
  },
  "GET all User" : {
    "transaction" : "GET all User",
    "sampleCount" : 202,
    "errorCount" : 0,
    "errorPct" : 0.0,
    "meanResTime" : 227.3762376237623,
    "medianResTime" : 226.0,
    "minResTime" : 220.0,
    "maxResTime" : 249.0,
    "pct1ResTime" : 235.0,
    "pct2ResTime" : 238.0,
    "pct3ResTime" : 246.88,
    "throughput" : 3.94677712432348,
    "receivedKBytesPerSec" : 4.316787479728806,
    "sentKBytesPerSec" : 0.5704326312498779
  },
  "PUT Book" : {
    "transaction" : "PUT Book",
    "sampleCount" : 209,
    "errorCount" : 0,
    "errorPct" : 0.0,
    "meanResTime" : 250.54066985645926,
    "medianResTime" : 249.0,
    "minResTime" : 236.0,
    "maxResTime" : 422.0,
    "pct1ResTime" : 259.0,
    "pct2ResTime" : 266.0,
    "pct3ResTime" : 287.20000000000005,
    "throughput" : 3.9521207193237906,
    "receivedKBytesPerSec" : 392.5560206316302,
    "sentKBytesPerSec" : 18.420916368445436
  },
  "PUT Author" : {
    "transaction" : "PUT Author",
    "sampleCount" : 215,
    "errorCount" : 0,
    "errorPct" : 0.0,
    "meanResTime" : 238.2883720930232,
    "medianResTime" : 236.0,
    "minResTime" : 224.0,
    "maxResTime" : 317.0,
    "pct1ResTime" : 249.0,
    "pct2ResTime" : 252.0,
    "pct3ResTime" : 303.5600000000001,
    "throughput" : 3.8904169079328317,
    "receivedKBytesPerSec" : 182.61487261711963,
    "sentKBytesPerSec" : 1.1031742239523017
  },
  "GET User" : {
    "transaction" : "GET User",
    "sampleCount" : 197,
    "errorCount" : 0,
    "errorPct" : 0.0,
    "meanResTime" : 228.50761421319785,
    "medianResTime" : 226.0,
    "minResTime" : 219.0,
    "maxResTime" : 349.0,
    "pct1ResTime" : 234.0,
    "pct2ResTime" : 239.1,
    "pct3ResTime" : 342.1400000000001,
    "throughput" : 3.915333399582629,
    "receivedKBytesPerSec" : 2.471131092864951,
    "sentKBytesPerSec" : 0.5739039364503628
  },
  "POST Activity" : {
    "transaction" : "POST Activity",
    "sampleCount" : 222,
    "errorCount" : 0,
    "errorPct" : 0.0,
    "meanResTime" : 229.9054054054054,
    "medianResTime" : 228.0,
    "minResTime" : 221.0,
    "maxResTime" : 293.0,
    "pct1ResTime" : 239.0,
    "pct2ResTime" : 245.0,
    "pct3ResTime" : 279.1000000000003,
    "throughput" : 3.8364497286835104,
    "receivedKBytesPerSec" : 12.893136189645043,
    "sentKBytesPerSec" : 1.1658299184754433
  },
  "POST CoverPhoto" : {
    "transaction" : "POST CoverPhoto",
    "sampleCount" : 206,
    "errorCount" : 0,
    "errorPct" : 0.0,
    "meanResTime" : 232.74757281553403,
    "medianResTime" : 231.0,
    "minResTime" : 223.0,
    "maxResTime" : 284.0,
    "pct1ResTime" : 241.3,
    "pct2ResTime" : 250.0,
    "pct3ResTime" : 262.86,
    "throughput" : 3.9897737837000316,
    "receivedKBytesPerSec" : 82.11375243308413,
    "sentKBytesPerSec" : 1.2305761809536722
  },
  "GET Author" : {
    "transaction" : "GET Author",
    "sampleCount" : 216,
    "errorCount" : 0,
    "errorPct" : 0.0,
    "meanResTime" : 229.12962962962968,
    "medianResTime" : 227.0,
    "minResTime" : 221.0,
    "maxResTime" : 309.0,
    "pct1ResTime" : 238.3,
    "pct2ResTime" : 242.14999999999998,
    "pct3ResTime" : 252.82999999999998,
    "throughput" : 3.8842633386682013,
    "receivedKBytesPerSec" : 2.546694611034185,
    "sentKBytesPerSec" : 0.5822601782085634
  },
  "GET CoverPhoto" : {
    "transaction" : "GET CoverPhoto",
    "sampleCount" : 206,
    "errorCount" : 0,
    "errorPct" : 0.0,
    "meanResTime" : 228.53398058252415,
    "medianResTime" : 226.0,
    "minResTime" : 220.0,
    "maxResTime" : 260.0,
    "pct1ResTime" : 237.3,
    "pct2ResTime" : 244.0,
    "pct3ResTime" : 259.86,
    "throughput" : 3.989155693261038,
    "receivedKBytesPerSec" : 2.7159746260166537,
    "sentKBytesPerSec" : 0.6132449409372579
  },
  "DELETE Author" : {
    "transaction" : "DELETE Author",
    "sampleCount" : 218,
    "errorCount" : 0,
    "errorPct" : 0.0,
    "meanResTime" : 229.9678899082568,
    "medianResTime" : 229.0,
    "minResTime" : 221.0,
    "maxResTime" : 254.0,
    "pct1ResTime" : 238.0,
    "pct2ResTime" : 242.04999999999998,
    "pct3ResTime" : 250.43,
    "throughput" : 3.8906339234723015,
    "receivedKBytesPerSec" : 2.078297613417333,
    "sentKBytesPerSec" : 0.9099850308752142
  },
  "GET Author for Book" : {
    "transaction" : "GET Author for Book",
    "sampleCount" : 220,
    "errorCount" : 0,
    "errorPct" : 0.0,
    "meanResTime" : 230.6181818181817,
    "medianResTime" : 229.0,
    "minResTime" : 222.0,
    "maxResTime" : 249.0,
    "pct1ResTime" : 238.0,
    "pct2ResTime" : 242.95,
    "pct3ResTime" : 248.0,
    "throughput" : 3.8946324883161028,
    "receivedKBytesPerSec" : 3.170992898934287,
    "sentKBytesPerSec" : 0.590954467099207
  },
  "GET all CoverPhoto" : {
    "transaction" : "GET all CoverPhoto",
    "sampleCount" : 206,
    "errorCount" : 0,
    "errorPct" : 0.0,
    "meanResTime" : 232.3252427184466,
    "medianResTime" : 231.0,
    "minResTime" : 223.0,
    "maxResTime" : 260.0,
    "pct1ResTime" : 240.0,
    "pct2ResTime" : 246.0,
    "pct3ResTime" : 254.0,
    "throughput" : 3.9893101979162635,
    "receivedKBytesPerSec" : 82.10421134871606,
    "sentKBytesPerSec" : 0.5999548539835006
  },
  "GET all Book" : {
    "transaction" : "GET all Book",
    "sampleCount" : 215,
    "errorCount" : 0,
    "errorPct" : 0.0,
    "meanResTime" : 269.41395348837216,
    "medianResTime" : 247.0,
    "minResTime" : 234.0,
    "maxResTime" : 1706.0,
    "pct1ResTime" : 260.0,
    "pct2ResTime" : 266.99999999999994,
    "pct3ResTime" : 1278.72,
    "throughput" : 3.8897130658175634,
    "receivedKBytesPerSec" : 429.78076760208234,
    "sentKBytesPerSec" : 0.5621850915439447
  },
  "DELETE Activity" : {
    "transaction" : "DELETE Activity",
    "sampleCount" : 221,
    "errorCount" : 0,
    "errorPct" : 0.0,
    "meanResTime" : 228.28506787330323,
    "medianResTime" : 226.0,
    "minResTime" : 219.0,
    "maxResTime" : 278.0,
    "pct1ResTime" : 235.8,
    "pct2ResTime" : 239.89999999999998,
    "pct3ResTime" : 270.26,
    "throughput" : 3.872573070722647,
    "receivedKBytesPerSec" : 2.068649872739539,
    "sentKBytesPerSec" : 0.9139658499509358
  },
  "POST Author" : {
    "transaction" : "POST Author",
    "sampleCount" : 219,
    "errorCount" : 0,
    "errorPct" : 0.0,
    "meanResTime" : 237.5114155251142,
    "medianResTime" : 234.0,
    "minResTime" : 224.0,
    "maxResTime" : 480.0,
    "pct1ResTime" : 247.0,
    "pct2ResTime" : 252.0,
    "pct3ResTime" : 263.8,
    "throughput" : 3.8919495290563355,
    "receivedKBytesPerSec" : 178.67261779145193,
    "sentKBytesPerSec" : 1.0979950184378886
  },
  "DELETE Book" : {
    "transaction" : "DELETE Book",
    "sampleCount" : 213,
    "errorCount" : 0,
    "errorPct" : 0.0,
    "meanResTime" : 231.40375586854452,
    "medianResTime" : 230.0,
    "minResTime" : 222.0,
    "maxResTime" : 303.0,
    "pct1ResTime" : 241.0,
    "pct2ResTime" : 243.0,
    "pct3ResTime" : 254.85999999999999,
    "throughput" : 3.986151398895855,
    "receivedKBytesPerSec" : 2.1293211085898753,
    "sentKBytesPerSec" : 0.9240929400205857
  },
  "POST User" : {
    "transaction" : "POST User",
    "sampleCount" : 199,
    "errorCount" : 0,
    "errorPct" : 0.0,
    "meanResTime" : 227.72361809045225,
    "medianResTime" : 226.0,
    "minResTime" : 220.0,
    "maxResTime" : 257.0,
    "pct1ResTime" : 236.0,
    "pct2ResTime" : 240.0,
    "pct3ResTime" : 252.0,
    "throughput" : 3.9183255557524563,
    "receivedKBytesPerSec" : 4.285668576604249,
    "sentKBytesPerSec" : 0.9879650550337685
  },
  "PUT User" : {
    "transaction" : "PUT User",
    "sampleCount" : 197,
    "errorCount" : 0,
    "errorPct" : 0.0,
    "meanResTime" : 227.4720812182741,
    "medianResTime" : 226.0,
    "minResTime" : 220.0,
    "maxResTime" : 286.0,
    "pct1ResTime" : 234.0,
    "pct2ResTime" : 237.1,
    "pct3ResTime" : 247.7800000000004,
    "throughput" : 3.915411217553762,
    "receivedKBytesPerSec" : 4.282481019199428,
    "sentKBytesPerSec" : 0.9876064253984974
  },
  "Total" : {
    "transaction" : "Total",
    "sampleCount" : 5711,
    "errorCount" : 0,
    "errorPct" : 0.0,
    "meanResTime" : 238.77814743477435,
    "medianResTime" : 230.0,
    "minResTime" : 219.0,
    "maxResTime" : 2017.0,
    "pct1ResTime" : 247.0,
    "pct2ResTime" : 253.0,
    "pct3ResTime" : 451.8800000000001,
    "throughput" : 95.2309488077372,
    "receivedKBytesPerSec" : 1914.202234580832,
    "sentKBytesPerSec" : 51.35676562239453
  },
  "POST Book" : {
    "transaction" : "POST Book",
    "sampleCount" : 214,
    "errorCount" : 0,
    "errorPct" : 0.0,
    "meanResTime" : 256.43457943925205,
    "medianResTime" : 248.0,
    "minResTime" : 236.0,
    "maxResTime" : 996.0,
    "pct1ResTime" : 263.0,
    "pct2ResTime" : 273.5,
    "pct3ResTime" : 604.9499999999996,
    "throughput" : 3.9638438171445505,
    "receivedKBytesPerSec" : 419.9516486881344,
    "sentKBytesPerSec" : 18.423708596123213
  },
  "GET CoverPhotos for Book" : {
    "transaction" : "GET CoverPhotos for Book",
    "sampleCount" : 208,
    "errorCount" : 0,
    "errorPct" : 0.0,
    "meanResTime" : 230.99519230769235,
    "medianResTime" : 230.0,
    "minResTime" : 222.0,
    "maxResTime" : 257.0,
    "pct1ResTime" : 241.0,
    "pct2ResTime" : 243.54999999999998,
    "pct3ResTime" : 253.73,
    "throughput" : 3.963188079949698,
    "receivedKBytesPerSec" : 2.7058426954918735,
    "sentKBytesPerSec" : 0.5975893384524513
  },
  "PUT CoverPhoto" : {
    "transaction" : "PUT CoverPhoto",
    "sampleCount" : 203,
    "errorCount" : 0,
    "errorPct" : 0.0,
    "meanResTime" : 232.15270935960598,
    "medianResTime" : 230.0,
    "minResTime" : 224.0,
    "maxResTime" : 254.0,
    "pct1ResTime" : 241.6,
    "pct2ResTime" : 244.0,
    "pct3ResTime" : 251.84000000000003,
    "throughput" : 3.9549563591022445,
    "receivedKBytesPerSec" : 81.39717311335917,
    "sentKBytesPerSec" : 1.2255547349887002
  }
}