{
  "PUT Activity" : {
    "transaction" : "PUT Activity",
    "sampleCount" : 50,
    "errorCount" : 50,
    "errorPct" : 100.0,
    "meanResTime" : 263.98,
    "medianResTime" : 261.0,
    "minResTime" : 246.0,
    "maxResTime" : 298.0,
    "pct1ResTime" : 277.9,
    "pct2ResTime" : 286.59999999999997,
    "pct3ResTime" : 298.0,
    "throughput" : 9.321401938851604,
    "receivedKBytesPerSec" : 3.1040996690902314,
    "sentKBytesPerSec" : 2.8381120082960476
  },
  "GET all Activity" : {
    "transaction" : "GET all Activity",
    "sampleCount" : 50,
    "errorCount" : 50,
    "errorPct" : 100.0,
    "meanResTime" : 198953.45999999996,
    "medianResTime" : 199353.5,
    "minResTime" : 195413.0,
    "maxResTime" : 200875.0,
    "pct1ResTime" : 200724.4,
    "pct2ResTime" : 200810.25,
    "pct3ResTime" : 200875.0,
    "throughput" : 0.2488329733549652,
    "receivedKBytesPerSec" : 0.08286332413480775,
    "sentKBytesPerSec" : 0.03717914543291961
  },
  "DELETE User" : {
    "transaction" : "DELETE User",
    "sampleCount" : 50,
    "errorCount" : 50,
    "errorPct" : 100.0,
    "meanResTime" : 268.1400000000001,
    "medianResTime" : 262.5,
    "minResTime" : 250.0,
    "maxResTime" : 322.0,
    "pct1ResTime" : 289.6,
    "pct2ResTime" : 317.0,
    "pct3ResTime" : 322.0,
    "throughput" : 7.112375533428165,
    "receivedKBytesPerSec" : 2.8963482396870552,
    "sentKBytesPerSec" : 1.6398748666429588
  },
  "GET Activitiy" : {
    "transaction" : "GET Activitiy",
    "sampleCount" : 50,
    "errorCount" : 50,
    "errorPct" : 100.0,
    "meanResTime" : 266.26000000000016,
    "medianResTime" : 263.0,
    "minResTime" : 244.0,
    "maxResTime" : 316.0,
    "pct1ResTime" : 285.8,
    "pct2ResTime" : 306.04999999999995,
    "pct3ResTime" : 316.0,
    "throughput" : 9.323140033563304,
    "receivedKBytesPerSec" : 3.104678468208092,
    "sentKBytesPerSec" : 1.4170444480701099
  },
  "DELETE CoverPhoto" : {
    "transaction" : "DELETE CoverPhoto",
    "sampleCount" : 50,
    "errorCount" : 50,
    "errorPct" : 100.0,
    "meanResTime" : 358.49999999999994,
    "medianResTime" : 265.5,
    "minResTime" : 248.0,
    "maxResTime" : 1771.0,
    "pct1ResTime" : 319.8,
    "pct2ResTime" : 1701.5999999999995,
    "pct3ResTime" : 1771.0,
    "throughput" : 7.109341674960898,
    "receivedKBytesPerSec" : 2.895112771932319,
    "sentKBytesPerSec" : 1.6858304155410209
  },
  "GET Book" : {
    "transaction" : "GET Book",
    "sampleCount" : 50,
    "errorCount" : 50,
    "errorPct" : 100.0,
    "meanResTime" : 569.2600000000001,
    "medianResTime" : 265.0,
    "minResTime" : 245.0,
    "maxResTime" : 1839.0,
    "pct1ResTime" : 1809.0,
    "pct2ResTime" : 1830.0,
    "pct3ResTime" : 1839.0,
    "throughput" : 7.216048491845865,
    "receivedKBytesPerSec" : 2.4030005231635156,
    "sentKBytesPerSec" : 1.062816829629095
  },
  "GET all Author" : {
    "transaction" : "GET all Author",
    "sampleCount" : 50,
    "errorCount" : 50,
    "errorPct" : 100.0,
    "meanResTime" : 262.92,
    "medianResTime" : 259.5,
    "minResTime" : 247.0,
    "maxResTime" : 312.0,
    "pct1ResTime" : 276.9,
    "pct2ResTime" : 285.25,
    "pct3ResTime" : 312.0,
    "throughput" : 9.370314842578711,
    "receivedKBytesPerSec" : 3.1203880481634183,
    "sentKBytesPerSec" : 1.3726047132683656
  },
  "GET all User" : {
    "transaction" : "GET all User",
    "sampleCount" : 50,
    "errorCount" : 50,
    "errorPct" : 100.0,
    "meanResTime" : 384.3,
    "medianResTime" : 263.5,
    "minResTime" : 245.0,
    "maxResTime" : 1823.0,
    "pct1ResTime" : 324.09999999999997,
    "pct2ResTime" : 1772.5,
    "pct3ResTime" : 1823.0,
    "throughput" : 7.0972320794889985,
    "receivedKBytesPerSec" : 2.363433729595458,
    "sentKBytesPerSec" : 1.0257718239886444
  },
  "PUT Book" : {
    "transaction" : "PUT Book",
    "sampleCount" : 50,
    "errorCount" : 50,
    "errorPct" : 100.0,
    "meanResTime" : 359.62,
    "medianResTime" : 267.0,
    "minResTime" : 247.0,
    "maxResTime" : 1811.0,
    "pct1ResTime" : 328.29999999999995,
    "pct2ResTime" : 1705.6,
    "pct3ResTime" : 1811.0,
    "throughput" : 7.1510297482837535,
    "receivedKBytesPerSec" : 2.3813487735983982,
    "sentKBytesPerSec" : 32.17432646238559
  },
  "PUT Author" : {
    "transaction" : "PUT Author",
    "sampleCount" : 50,
    "errorCount" : 50,
    "errorPct" : 100.0,
    "meanResTime" : 265.8,
    "medianResTime" : 261.5,
    "minResTime" : 249.0,
    "maxResTime" : 342.0,
    "pct1ResTime" : 280.8,
    "pct2ResTime" : 292.6499999999999,
    "pct3ResTime" : 342.0,
    "throughput" : 9.33532486930545,
    "receivedKBytesPerSec" : 3.108736113704257,
    "sentKBytesPerSec" : 2.624830797236744
  },
  "GET User" : {
    "transaction" : "GET User",
    "sampleCount" : 50,
    "errorCount" : 50,
    "errorPct" : 100.0,
    "meanResTime" : 294.34000000000003,
    "medianResTime" : 260.0,
    "minResTime" : 245.0,
    "maxResTime" : 1813.0,
    "pct1ResTime" : 275.7,
    "pct2ResTime" : 326.0999999999997,
    "pct3ResTime" : 1813.0,
    "throughput" : 7.108330963889679,
    "receivedKBytesPerSec" : 2.3671297448109185,
    "sentKBytesPerSec" : 1.0419535914842195
  },
  "POST Activity" : {
    "transaction" : "POST Activity",
    "sampleCount" : 50,
    "errorCount" : 50,
    "errorPct" : 100.0,
    "meanResTime" : 1067.5399999999997,
    "medianResTime" : 1081.0,
    "minResTime" : 759.0,
    "maxResTime" : 1219.0,
    "pct1ResTime" : 1180.9,
    "pct2ResTime" : 1184.9,
    "pct3ResTime" : 1219.0,
    "throughput" : 8.369601606963508,
    "receivedKBytesPerSec" : 2.7871427226314025,
    "sentKBytesPerSec" : 2.543083832022096
  },
  "POST CoverPhoto" : {
    "transaction" : "POST CoverPhoto",
    "sampleCount" : 50,
    "errorCount" : 50,
    "errorPct" : 100.0,
    "meanResTime" : 561.3200000000002,
    "medianResTime" : 270.5,
    "minResTime" : 245.0,
    "maxResTime" : 1823.0,
    "pct1ResTime" : 1742.3,
    "pct2ResTime" : 1790.35,
    "pct3ResTime" : 1823.0,
    "throughput" : 7.108330963889679,
    "receivedKBytesPerSec" : 2.3671297448109185,
    "sentKBytesPerSec" : 2.184145756326415
  },
  "GET Author" : {
    "transaction" : "GET Author",
    "sampleCount" : 50,
    "errorCount" : 50,
    "errorPct" : 100.0,
    "meanResTime" : 264.6000000000001,
    "medianResTime" : 261.5,
    "minResTime" : 247.0,
    "maxResTime" : 321.0,
    "pct1ResTime" : 278.9,
    "pct2ResTime" : 299.09999999999985,
    "pct3ResTime" : 321.0,
    "throughput" : 9.35103796521414,
    "receivedKBytesPerSec" : 3.113968697400411,
    "sentKBytesPerSec" : 1.3955328338320552
  },
  "GET CoverPhoto" : {
    "transaction" : "GET CoverPhoto",
    "sampleCount" : 50,
    "errorCount" : 50,
    "errorPct" : 100.0,
    "meanResTime" : 278.8,
    "medianResTime" : 267.5,
    "minResTime" : 246.0,
    "maxResTime" : 381.0,
    "pct1ResTime" : 325.09999999999997,
    "pct2ResTime" : 363.04999999999995,
    "pct3ResTime" : 381.0,
    "throughput" : 7.10126402499645,
    "receivedKBytesPerSec" : 2.364776398949013,
    "sentKBytesPerSec" : 1.0875197503905694
  },
  "DELETE Author" : {
    "transaction" : "DELETE Author",
    "sampleCount" : 50,
    "errorCount" : 50,
    "errorPct" : 100.0,
    "meanResTime" : 260.46,
    "medianResTime" : 259.0,
    "minResTime" : 244.0,
    "maxResTime" : 293.0,
    "pct1ResTime" : 273.9,
    "pct2ResTime" : 281.79999999999995,
    "pct3ResTime" : 293.0,
    "throughput" : 9.35278713056491,
    "receivedKBytesPerSec" : 3.8087033529741863,
    "sentKBytesPerSec" : 2.1812818579311632
  },
  "GET Author for Book" : {
    "transaction" : "GET Author for Book",
    "sampleCount" : 50,
    "errorCount" : 50,
    "errorPct" : 100.0,
    "meanResTime" : 269.76000000000005,
    "medianResTime" : 262.5,
    "minResTime" : 245.0,
    "maxResTime" : 345.0,
    "pct1ResTime" : 297.8,
    "pct2ResTime" : 326.59999999999997,
    "pct3ResTime" : 345.0,
    "throughput" : 9.375585974123384,
    "receivedKBytesPerSec" : 3.122143376148509,
    "sentKBytesPerSec" : 1.4175080278454903
  },
  "GET all CoverPhoto" : {
    "transaction" : "GET all CoverPhoto",
    "sampleCount" : 50,
    "errorCount" : 50,
    "errorPct" : 100.0,
    "meanResTime" : 358.47999999999996,
    "medianResTime" : 261.0,
    "minResTime" : 246.0,
    "maxResTime" : 1840.0,
    "pct1ResTime" : 305.7,
    "pct2ResTime" : 1801.0,
    "pct3ResTime" : 1840.0,
    "throughput" : 7.140816909454442,
    "receivedKBytesPerSec" : 2.3779478184804343,
    "sentKBytesPerSec" : 1.073911918023422
  },
  "GET all Book" : {
    "transaction" : "GET all Book",
    "sampleCount" : 50,
    "errorCount" : 50,
    "errorPct" : 100.0,
    "meanResTime" : 261.68000000000006,
    "medianResTime" : 260.0,
    "minResTime" : 252.0,
    "maxResTime" : 298.0,
    "pct1ResTime" : 268.9,
    "pct2ResTime" : 282.25,
    "pct3ResTime" : 298.0,
    "throughput" : 9.326618168252192,
    "receivedKBytesPerSec" : 3.1058367142324195,
    "sentKBytesPerSec" : 1.3479877821301995
  },
  "DELETE Activity" : {
    "transaction" : "DELETE Activity",
    "sampleCount" : 50,
    "errorCount" : 50,
    "errorPct" : 100.0,
    "meanResTime" : 266.3,
    "medianResTime" : 263.0,
    "minResTime" : 245.0,
    "maxResTime" : 338.0,
    "pct1ResTime" : 280.9,
    "pct2ResTime" : 285.59999999999997,
    "pct3ResTime" : 338.0,
    "throughput" : 9.326618168252192,
    "receivedKBytesPerSec" : 3.798046656407387,
    "sentKBytesPerSec" : 2.200863295094199
  },
  "POST Author" : {
    "transaction" : "POST Author",
    "sampleCount" : 50,
    "errorCount" : 50,
    "errorPct" : 100.0,
    "meanResTime" : 261.2,
    "medianResTime" : 259.5,
    "minResTime" : 246.0,
    "maxResTime" : 284.0,
    "pct1ResTime" : 272.9,
    "pct2ResTime" : 279.15,
    "pct3ResTime" : 284.0,
    "throughput" : 9.365049634763064,
    "receivedKBytesPerSec" : 3.118634692826372,
    "sentKBytesPerSec" : 2.6256892091215582
  },
  "DELETE Book" : {
    "transaction" : "DELETE Book",
    "sampleCount" : 50,
    "errorCount" : 50,
    "errorPct" : 100.0,
    "meanResTime" : 324.34000000000003,
    "medianResTime" : 261.0,
    "minResTime" : 248.0,
    "maxResTime" : 1846.0,
    "pct1ResTime" : 276.2,
    "pct2ResTime" : 979.4499999999936,
    "pct3ResTime" : 1846.0,
    "throughput" : 7.22543352601156,
    "receivedKBytesPerSec" : 2.942388457369942,
    "sentKBytesPerSec" : 1.6710226246387283
  },
  "POST User" : {
    "transaction" : "POST User",
    "sampleCount" : 50,
    "errorCount" : 50,
    "errorPct" : 100.0,
    "meanResTime" : 297.64000000000004,
    "medianResTime" : 264.5,
    "minResTime" : 247.0,
    "maxResTime" : 1633.0,
    "pct1ResTime" : 290.9,
    "pct2ResTime" : 353.45,
    "pct3ResTime" : 1633.0,
    "throughput" : 7.111363959607452,
    "receivedKBytesPerSec" : 2.3681397560802164,
    "sentKBytesPerSec" : 1.7931193109088324
  },
  "PUT User" : {
    "transaction" : "PUT User",
    "sampleCount" : 50,
    "errorCount" : 50,
    "errorPct" : 100.0,
    "meanResTime" : 288.18000000000006,
    "medianResTime" : 260.0,
    "minResTime" : 248.0,
    "maxResTime" : 1649.0,
    "pct1ResTime" : 274.5,
    "pct2ResTime" : 277.45,
    "pct3ResTime" : 1649.0,
    "throughput" : 7.102272727272727,
    "receivedKBytesPerSec" : 2.3651123046875,
    "sentKBytesPerSec" : 1.7915205522017046
  },
  "Total" : {
    "transaction" : "Total",
    "sampleCount" : 1350,
    "errorCount" : 1350,
    "errorPct" : 100.0,
    "meanResTime" : 7700.225925925916,
    "medianResTime" : 263.0,
    "minResTime" : 244.0,
    "maxResTime" : 200875.0,
    "pct1ResTime" : 1008.2000000000007,
    "pct2ResTime" : 1784.3000000000006,
    "pct3ResTime" : 200113.9,
    "throughput" : 6.416868283083709,
    "receivedKBytesPerSec" : 2.2250620742883216,
    "sentKBytesPerSec" : 3.3844152688192484
  },
  "POST Book" : {
    "transaction" : "POST Book",
    "sampleCount" : 50,
    "errorCount" : 50,
    "errorPct" : 100.0,
    "meanResTime" : 266.08,
    "medianResTime" : 263.0,
    "minResTime" : 247.0,
    "maxResTime" : 380.0,
    "pct1ResTime" : 276.9,
    "pct2ResTime" : 287.0,
    "pct3ResTime" : 380.0,
    "throughput" : 9.31098696461825,
    "receivedKBytesPerSec" : 3.1006314013035383,
    "sentKBytesPerSec" : 41.88507477886406
  },
  "GET CoverPhotos for Book" : {
    "transaction" : "GET CoverPhotos for Book",
    "sampleCount" : 50,
    "errorCount" : 50,
    "errorPct" : 100.0,
    "meanResTime" : 272.1800000000001,
    "medianResTime" : 266.5,
    "minResTime" : 247.0,
    "maxResTime" : 320.0,
    "pct1ResTime" : 304.8,
    "pct2ResTime" : 312.45,
    "pct3ResTime" : 320.0,
    "throughput" : 7.13165026387106,
    "receivedKBytesPerSec" : 2.3748952538867494,
    "sentKBytesPerSec" : 1.0712797300670376
  },
  "PUT CoverPhoto" : {
    "transaction" : "PUT CoverPhoto",
    "sampleCount" : 50,
    "errorCount" : 50,
    "errorPct" : 100.0,
    "meanResTime" : 360.9600000000001,
    "medianResTime" : 266.5,
    "minResTime" : 247.0,
    "maxResTime" : 1841.0,
    "pct1ResTime" : 318.5,
    "pct2ResTime" : 1768.1499999999999,
    "pct3ResTime" : 1841.0,
    "throughput" : 7.0972320794889985,
    "receivedKBytesPerSec" : 2.363433729595458,
    "sentKBytesPerSec" : 2.1864187810503903
  }
}