{
  "PUT Activity" : {
    "transaction" : "PUT Activity",
    "sampleCount" : 50,
    "errorCount" : 0,
    "errorPct" : 0.0,
    "meanResTime" : 260.9000000000001,
    "medianResTime" : 258.0,
    "minResTime" : 248.0,
    "maxResTime" : 297.0,
    "pct1ResTime" : 284.59999999999997,
    "pct2ResTime" : 287.0,
    "pct3ResTime" : 297.0,
    "throughput" : 134.77088948787062,
    "receivedKBytesPerSec" : 409.1823197439353,
    "sentKBytesPerSec" : 42.481784871967655
  },
  "GET all Activity" : {
    "transaction" : "GET all Activity",
    "sampleCount" : 50,
    "errorCount" : 0,
    "errorPct" : 0.0,
    "meanResTime" : 2920.1600000000008,
    "medianResTime" : 2963.5,
    "minResTime" : 2475.0,
    "maxResTime" : 3223.0,
    "pct1ResTime" : 3216.0,
    "pct2ResTime" : 3220.45,
    "pct3ResTime" : 3223.0,
    "throughput" : 15.47508511296812,
    "receivedKBytesPerSec" : 46.948143956979266,
    "sentKBytesPerSec" : 2.478431600123801
  },
  "DELETE User" : {
    "transaction" : "DELETE User",
    "sampleCount" : 50,
    "errorCount" : 0,
    "errorPct" : 0.0,
    "meanResTime" : 254.42000000000004,
    "medianResTime" : 254.0,
    "minResTime" : 246.0,
    "maxResTime" : 265.0,
    "pct1ResTime" : 261.9,
    "pct2ResTime" : 263.0,
    "pct3ResTime" : 265.0,
    "throughput" : 25.163563160543532,
    "receivedKBytesPerSec" : 5.18507014343231,
    "sentKBytesPerSec" : 6.0721840400100655
  },
  "GET Activitiy" : {
    "transaction" : "GET Activitiy",
    "sampleCount" : 50,
    "errorCount" : 0,
    "errorPct" : 0.0,
    "meanResTime" : 256.54,
    "medianResTime" : 255.0,
    "minResTime" : 248.0,
    "maxResTime" : 316.0,
    "pct1ResTime" : 265.9,
    "pct2ResTime" : 270.34999999999997,
    "pct3ResTime" : 316.0,
    "throughput" : 139.2757660167131,
    "receivedKBytesPerSec" : 47.97397284122563,
    "sentKBytesPerSec" : 22.664954735376046
  },
  "DELETE CoverPhoto" : {
    "transaction" : "DELETE CoverPhoto",
    "sampleCount" : 50,
    "errorCount" : 0,
    "errorPct" : 0.0,
    "meanResTime" : 265.31999999999994,
    "medianResTime" : 257.0,
    "minResTime" : 243.0,
    "maxResTime" : 344.0,
    "pct1ResTime" : 293.0,
    "pct2ResTime" : 320.45,
    "pct3ResTime" : 344.0,
    "throughput" : 25.23977788995457,
    "receivedKBytesPerSec" : 5.2007745456839976,
    "sentKBytesPerSec" : 6.256211351590106
  },
  "GET Book" : {
    "transaction" : "GET Book",
    "sampleCount" : 50,
    "errorCount" : 0,
    "errorPct" : 0.0,
    "meanResTime" : 276.8199999999998,
    "medianResTime" : 273.5,
    "minResTime" : 254.0,
    "maxResTime" : 331.0,
    "pct1ResTime" : 299.7,
    "pct2ResTime" : 315.4,
    "pct3ResTime" : 331.0,
    "throughput" : 26.15062761506276,
    "receivedKBytesPerSec" : 18.983210479864017,
    "sentKBytesPerSec" : 4.132514219403766
  },
  "GET all Author" : {
    "transaction" : "GET all Author",
    "sampleCount" : 50,
    "errorCount" : 0,
    "errorPct" : 0.0,
    "meanResTime" : 526.04,
    "medianResTime" : 524.5,
    "minResTime" : 493.0,
    "maxResTime" : 577.0,
    "pct1ResTime" : 556.2,
    "pct2ResTime" : 561.15,
    "pct3ResTime" : 577.0,
    "throughput" : 73.09941520467837,
    "receivedKBytesPerSec" : 3145.1951411732452,
    "sentKBytesPerSec" : 11.493169773391813
  },
  "GET all User" : {
    "transaction" : "GET all User",
    "sampleCount" : 50,
    "errorCount" : 0,
    "errorPct" : 0.0,
    "meanResTime" : 254.98,
    "medianResTime" : 254.5,
    "minResTime" : 243.0,
    "maxResTime" : 269.0,
    "pct1ResTime" : 262.9,
    "pct2ResTime" : 265.45,
    "pct3ResTime" : 269.0,
    "throughput" : 25.342118601115054,
    "receivedKBytesPerSec" : 19.402559553978712,
    "sentKBytesPerSec" : 3.9349578687278255
  },
  "PUT Book" : {
    "transaction" : "PUT Book",
    "sampleCount" : 50,
    "errorCount" : 0,
    "errorPct" : 0.0,
    "meanResTime" : 367.37999999999994,
    "medianResTime" : 329.5,
    "minResTime" : 277.0,
    "maxResTime" : 592.0,
    "pct1ResTime" : 554.9,
    "pct2ResTime" : 589.35,
    "pct3ResTime" : 592.0,
    "throughput" : 26.399155227032733,
    "receivedKBytesPerSec" : 2513.965771845301,
    "sentKBytesPerSec" : 119.06019007391764
  },
  "PUT Author" : {
    "transaction" : "PUT Author",
    "sampleCount" : 50,
    "errorCount" : 0,
    "errorPct" : 0.0,
    "meanResTime" : 359.8199999999999,
    "medianResTime" : 272.5,
    "minResTime" : 250.0,
    "maxResTime" : 1157.0,
    "pct1ResTime" : 790.8999999999999,
    "pct2ResTime" : 1058.1499999999996,
    "pct3ResTime" : 1157.0,
    "throughput" : 31.191515907673114,
    "receivedKBytesPerSec" : 1479.8083671241423,
    "sentKBytesPerSec" : 9.105242124142233
  },
  "GET User" : {
    "transaction" : "GET User",
    "sampleCount" : 50,
    "errorCount" : 0,
    "errorPct" : 0.0,
    "meanResTime" : 253.83999999999997,
    "medianResTime" : 253.0,
    "minResTime" : 243.0,
    "maxResTime" : 264.0,
    "pct1ResTime" : 261.0,
    "pct2ResTime" : 262.0,
    "pct3ResTime" : 264.0,
    "throughput" : 25.0,
    "receivedKBytesPerSec" : 7.57568359375,
    "sentKBytesPerSec" : 3.93310546875
  },
  "POST Activity" : {
    "transaction" : "POST Activity",
    "sampleCount" : 50,
    "errorCount" : 0,
    "errorPct" : 0.0,
    "meanResTime" : 266.99999999999994,
    "medianResTime" : 264.0,
    "minResTime" : 247.0,
    "maxResTime" : 335.0,
    "pct1ResTime" : 287.0,
    "pct2ResTime" : 302.6999999999999,
    "pct3ResTime" : 335.0,
    "throughput" : 122.54901960784314,
    "receivedKBytesPerSec" : 372.07509957107845,
    "sentKBytesPerSec" : 38.55267693014706
  },
  "POST CoverPhoto" : {
    "transaction" : "POST CoverPhoto",
    "sampleCount" : 50,
    "errorCount" : 0,
    "errorPct" : 0.0,
    "meanResTime" : 263.2200000000001,
    "medianResTime" : 262.0,
    "minResTime" : 251.0,
    "maxResTime" : 287.0,
    "pct1ResTime" : 272.8,
    "pct2ResTime" : 281.7,
    "pct3ResTime" : 287.0,
    "throughput" : 26.413100898045432,
    "receivedKBytesPerSec" : 534.9426753169572,
    "sentKBytesPerSec" : 8.399572437929212
  },
  "GET Author" : {
    "transaction" : "GET Author",
    "sampleCount" : 50,
    "errorCount" : 0,
    "errorPct" : 0.0,
    "meanResTime" : 258.68,
    "medianResTime" : 256.5,
    "minResTime" : 246.0,
    "maxResTime" : 294.0,
    "pct1ResTime" : 269.7,
    "pct2ResTime" : 289.04999999999995,
    "pct3ResTime" : 294.0,
    "throughput" : 71.12375533428165,
    "receivedKBytesPerSec" : 23.120777027027028,
    "sentKBytesPerSec" : 11.378411717638691
  },
  "GET CoverPhoto" : {
    "transaction" : "GET CoverPhoto",
    "sampleCount" : 50,
    "errorCount" : 0,
    "errorPct" : 0.0,
    "meanResTime" : 255.70000000000005,
    "medianResTime" : 255.0,
    "minResTime" : 243.0,
    "maxResTime" : 277.0,
    "pct1ResTime" : 263.9,
    "pct2ResTime" : 265.45,
    "pct3ResTime" : 277.0,
    "throughput" : 25.53626149131767,
    "receivedKBytesPerSec" : 8.959636746680285,
    "sentKBytesPerSec" : 4.185054104954035
  },
  "DELETE Author" : {
    "transaction" : "DELETE Author",
    "sampleCount" : 50,
    "errorCount" : 0,
    "errorPct" : 0.0,
    "meanResTime" : 255.48,
    "medianResTime" : 253.5,
    "minResTime" : 244.0,
    "maxResTime" : 291.0,
    "pct1ResTime" : 265.8,
    "pct2ResTime" : 273.04999999999995,
    "pct3ResTime" : 291.0,
    "throughput" : 72.78020378457059,
    "receivedKBytesPerSec" : 14.996702147016011,
    "sentKBytesPerSec" : 17.755811044395923
  },
  "GET Author for Book" : {
    "transaction" : "GET Author for Book",
    "sampleCount" : 50,
    "errorCount" : 0,
    "errorPct" : 0.0,
    "meanResTime" : 270.2599999999999,
    "medianResTime" : 268.5,
    "minResTime" : 248.0,
    "maxResTime" : 301.0,
    "pct1ResTime" : 289.9,
    "pct2ResTime" : 294.79999999999995,
    "pct3ResTime" : 301.0,
    "throughput" : 127.55102040816327,
    "receivedKBytesPerSec" : 60.53441884566326,
    "sentKBytesPerSec" : 20.654795121173468
  },
  "GET all CoverPhoto" : {
    "transaction" : "GET all CoverPhoto",
    "sampleCount" : 50,
    "errorCount" : 0,
    "errorPct" : 0.0,
    "meanResTime" : 268.24,
    "medianResTime" : 260.0,
    "minResTime" : 249.0,
    "maxResTime" : 377.0,
    "pct1ResTime" : 297.0,
    "pct2ResTime" : 346.5999999999998,
    "pct3ResTime" : 377.0,
    "throughput" : 26.441036488630356,
    "receivedKBytesPerSec" : 535.5084528688525,
    "sentKBytesPerSec" : 4.260518574828133
  },
  "GET all Book" : {
    "transaction" : "GET all Book",
    "sampleCount" : 50,
    "errorCount" : 0,
    "errorPct" : 0.0,
    "meanResTime" : 750.7999999999998,
    "medianResTime" : 687.5,
    "minResTime" : 284.0,
    "maxResTime" : 1626.0,
    "pct1ResTime" : 1098.9,
    "pct2ResTime" : 1547.7499999999998,
    "pct3ResTime" : 1626.0,
    "throughput" : 26.483050847457626,
    "receivedKBytesPerSec" : 3823.2214976165255,
    "sentKBytesPerSec" : 4.112114340572034
  },
  "DELETE Activity" : {
    "transaction" : "DELETE Activity",
    "sampleCount" : 50,
    "errorCount" : 0,
    "errorPct" : 0.0,
    "meanResTime" : 269.1199999999999,
    "medianResTime" : 268.0,
    "minResTime" : 248.0,
    "maxResTime" : 302.0,
    "pct1ResTime" : 283.9,
    "pct2ResTime" : 298.25,
    "pct3ResTime" : 302.0,
    "throughput" : 124.37810945273633,
    "receivedKBytesPerSec" : 25.628692475124378,
    "sentKBytesPerSec" : 30.686411691542286
  },
  "POST Author" : {
    "transaction" : "POST Author",
    "sampleCount" : 50,
    "errorCount" : 0,
    "errorPct" : 0.0,
    "meanResTime" : 310.62000000000006,
    "medianResTime" : 279.0,
    "minResTime" : 249.0,
    "maxResTime" : 554.0,
    "pct1ResTime" : 511.7999999999997,
    "pct2ResTime" : 542.1999999999999,
    "pct3ResTime" : 554.0,
    "throughput" : 73.52941176470588,
    "receivedKBytesPerSec" : 3458.030790441176,
    "sentKBytesPerSec" : 21.40538832720588
  },
  "DELETE Book" : {
    "transaction" : "DELETE Book",
    "sampleCount" : 50,
    "errorCount" : 0,
    "errorPct" : 0.0,
    "meanResTime" : 265.4800000000001,
    "medianResTime" : 260.0,
    "minResTime" : 245.0,
    "maxResTime" : 322.0,
    "pct1ResTime" : 282.9,
    "pct2ResTime" : 311.25,
    "pct3ResTime" : 322.0,
    "throughput" : 26.164311878597594,
    "receivedKBytesPerSec" : 5.391279107796965,
    "sentKBytesPerSec" : 6.332070087650445
  },
  "POST User" : {
    "transaction" : "POST User",
    "sampleCount" : 50,
    "errorCount" : 0,
    "errorPct" : 0.0,
    "meanResTime" : 255.54,
    "medianResTime" : 255.5,
    "minResTime" : 243.0,
    "maxResTime" : 269.0,
    "pct1ResTime" : 263.0,
    "pct2ResTime" : 267.45,
    "pct3ResTime" : 269.0,
    "throughput" : 25.290844714213456,
    "receivedKBytesPerSec" : 19.363302984319674,
    "sentKBytesPerSec" : 6.6487259736975215
  },
  "PUT User" : {
    "transaction" : "PUT User",
    "sampleCount" : 50,
    "errorCount" : 0,
    "errorPct" : 0.0,
    "meanResTime" : 254.57999999999998,
    "medianResTime" : 253.0,
    "minResTime" : 243.0,
    "maxResTime" : 271.0,
    "pct1ResTime" : 263.0,
    "pct2ResTime" : 265.9,
    "pct3ResTime" : 271.0,
    "throughput" : 24.91280518186348,
    "receivedKBytesPerSec" : 19.073866467364223,
    "sentKBytesPerSec" : 6.551775815894369
  },
  "Total" : {
    "transaction" : "Total",
    "sampleCount" : 1350,
    "errorCount" : 0,
    "errorPct" : 0.0,
    "meanResTime" : 403.67407407407404,
    "medianResTime" : 261.0,
    "minResTime" : 243.0,
    "maxResTime" : 3223.0,
    "pct1ResTime" : 531.9000000000001,
    "pct2ResTime" : 1028.0,
    "pct3ResTime" : 3154.94,
    "throughput" : 110.43848167539267,
    "receivedKBytesPerSec" : 2243.110536904859,
    "sentKBytesPerSec" : 59.43434151055301
  },
  "POST Book" : {
    "transaction" : "POST Book",
    "sampleCount" : 50,
    "errorCount" : 0,
    "errorPct" : 0.0,
    "meanResTime" : 438.40000000000003,
    "medianResTime" : 335.5,
    "minResTime" : 264.0,
    "maxResTime" : 653.0,
    "pct1ResTime" : 606.1,
    "pct2ResTime" : 624.7499999999999,
    "pct3ResTime" : 653.0,
    "throughput" : 26.12330198537095,
    "receivedKBytesPerSec" : 2487.850623693835,
    "sentKBytesPerSec" : 117.79517290360502
  },
  "GET CoverPhotos for Book" : {
    "transaction" : "GET CoverPhotos for Book",
    "sampleCount" : 50,
    "errorCount" : 0,
    "errorPct" : 0.0,
    "meanResTime" : 258.1600000000001,
    "medianResTime" : 256.0,
    "minResTime" : 246.0,
    "maxResTime" : 290.0,
    "pct1ResTime" : 270.7,
    "pct2ResTime" : 282.04999999999995,
    "pct3ResTime" : 290.0,
    "throughput" : 26.525198938992045,
    "receivedKBytesPerSec" : 9.35842175066313,
    "sentKBytesPerSec" : 4.269417274535809
  },
  "PUT CoverPhoto" : {
    "transaction" : "PUT CoverPhoto",
    "sampleCount" : 50,
    "errorCount" : 0,
    "errorPct" : 0.0,
    "meanResTime" : 261.69999999999993,
    "medianResTime" : 259.0,
    "minResTime" : 247.0,
    "maxResTime" : 369.0,
    "pct1ResTime" : 269.9,
    "pct2ResTime" : 274.45,
    "pct3ResTime" : 369.0,
    "throughput" : 25.367833587011667,
    "receivedKBytesPerSec" : 513.7729499619483,
    "sentKBytesPerSec" : 8.087483352359207
  }
}