{
  "PUT Activity" : {
    "transaction" : "PUT Activity",
    "sampleCount" : 199,
    "errorCount" : 0,
    "errorPct" : 0.0,
    "meanResTime" : 257.67839195979883,
    "medianResTime" : 257.0,
    "minResTime" : 243.0,
    "maxResTime" : 297.0,
    "pct1ResTime" : 266.0,
    "pct2ResTime" : 271.0,
    "pct3ResTime" : 288.0,
    "throughput" : 3.452643267345629,
    "receivedKBytesPerSec" : 10.474550717204226,
    "sentKBytesPerSec" : 1.0886256603830873
  },
  "GET all Activity" : {
    "transaction" : "GET all Activity",
    "sampleCount" : 202,
    "errorCount" : 0,
    "errorPct" : 0.0,
    "meanResTime" : 375.1534653465349,
    "medianResTime" : 258.0,
    "minResTime" : 243.0,
    "maxResTime" : 1394.0,
    "pct1ResTime" : 1030.1000000000001,
    "pct2ResTime" : 1048.7,
    "pct3ResTime" : 1085.67,
    "throughput" : 3.3692497581479133,
    "receivedKBytesPerSec" : 10.217289635595623,
    "sentKBytesPerSec" : 0.5396064065783768
  },
  "DELETE User" : {
    "transaction" : "DELETE User",
    "sampleCount" : 176,
    "errorCount" : 0,
    "errorPct" : 0.0,
    "meanResTime" : 257.4545454545453,
    "medianResTime" : 256.0,
    "minResTime" : 242.0,
    "maxResTime" : 417.0,
    "pct1ResTime" : 263.0,
    "pct2ResTime" : 267.15,
    "pct3ResTime" : 353.85999999999916,
    "throughput" : 3.3951272208183028,
    "receivedKBytesPerSec" : 0.6995818785084589,
    "sentKBytesPerSec" : 0.8192620722332606
  },
  "GET Activitiy" : {
    "transaction" : "GET Activitiy",
    "sampleCount" : 200,
    "errorCount" : 0,
    "errorPct" : 0.0,
    "meanResTime" : 256.155,
    "medianResTime" : 255.0,
    "minResTime" : 242.0,
    "maxResTime" : 368.0,
    "pct1ResTime" : 262.0,
    "pct2ResTime" : 264.95,
    "pct3ResTime" : 303.9000000000001,
    "throughput" : 3.460387217329619,
    "receivedKBytesPerSec" : 1.1921270513607973,
    "sentKBytesPerSec" : 0.5632760188677614
  },
  "DELETE CoverPhoto" : {
    "transaction" : "DELETE CoverPhoto",
    "sampleCount" : 182,
    "errorCount" : 0,
    "errorPct" : 0.0,
    "meanResTime" : 257.06043956043953,
    "medianResTime" : 255.0,
    "minResTime" : 242.0,
    "maxResTime" : 323.0,
    "pct1ResTime" : 265.0,
    "pct2ResTime" : 268.85,
    "pct3ResTime" : 322.16999999999996,
    "throughput" : 3.409580546656925,
    "receivedKBytesPerSec" : 0.7025600540474719,
    "sentKBytesPerSec" : 0.8470896209183387
  },
  "GET Book" : {
    "transaction" : "GET Book",
    "sampleCount" : 189,
    "errorCount" : 0,
    "errorPct" : 0.0,
    "meanResTime" : 263.6243386243386,
    "medianResTime" : 262.0,
    "minResTime" : 246.0,
    "maxResTime" : 300.0,
    "pct1ResTime" : 274.0,
    "pct2ResTime" : 279.5,
    "pct3ResTime" : 291.9,
    "throughput" : 3.4507942304181123,
    "receivedKBytesPerSec" : 2.5110868461292677,
    "sentKBytesPerSec" : 0.5473706808015336
  },
  "GET all Author" : {
    "transaction" : "GET all Author",
    "sampleCount" : 198,
    "errorCount" : 0,
    "errorPct" : 0.0,
    "meanResTime" : 302.6616161616161,
    "medianResTime" : 266.0,
    "minResTime" : 249.0,
    "maxResTime" : 534.0,
    "pct1ResTime" : 508.0,
    "pct2ResTime" : 517.0,
    "pct3ResTime" : 527.0699999999999,
    "throughput" : 3.4610543979862958,
    "receivedKBytesPerSec" : 163.40855067800834,
    "sentKBytesPerSec" : 0.5441696856208922
  },
  "GET all User" : {
    "transaction" : "GET all User",
    "sampleCount" : 178,
    "errorCount" : 0,
    "errorPct" : 0.0,
    "meanResTime" : 256.42134831460686,
    "medianResTime" : 255.0,
    "minResTime" : 242.0,
    "maxResTime" : 317.0,
    "pct1ResTime" : 264.1,
    "pct2ResTime" : 269.0,
    "pct3ResTime" : 300.4100000000002,
    "throughput" : 3.379853792841546,
    "receivedKBytesPerSec" : 2.5877005601443086,
    "sentKBytesPerSec" : 0.5248015166619197
  },
  "PUT Book" : {
    "transaction" : "PUT Book",
    "sampleCount" : 187,
    "errorCount" : 0,
    "errorPct" : 0.0,
    "meanResTime" : 280.41176470588243,
    "medianResTime" : 280.0,
    "minResTime" : 259.0,
    "maxResTime" : 313.0,
    "pct1ResTime" : 291.0,
    "pct2ResTime" : 296.6,
    "pct3ResTime" : 308.6,
    "throughput" : 3.4433866720680575,
    "receivedKBytesPerSec" : 327.9341363106966,
    "sentKBytesPerSec" : 16.058983821146445
  },
  "PUT Author" : {
    "transaction" : "PUT Author",
    "sampleCount" : 191,
    "errorCount" : 0,
    "errorPct" : 0.0,
    "meanResTime" : 267.82198952879577,
    "medianResTime" : 265.0,
    "minResTime" : 250.0,
    "maxResTime" : 408.0,
    "pct1ResTime" : 276.8,
    "pct2ResTime" : 284.4,
    "pct3ResTime" : 400.6399999999999,
    "throughput" : 3.460834586602403,
    "receivedKBytesPerSec" : 164.34591882553588,
    "sentKBytesPerSec" : 1.017844645219156
  },
  "GET User" : {
    "transaction" : "GET User",
    "sampleCount" : 176,
    "errorCount" : 0,
    "errorPct" : 0.0,
    "meanResTime" : 257.16477272727286,
    "medianResTime" : 255.0,
    "minResTime" : 243.0,
    "maxResTime" : 387.0,
    "pct1ResTime" : 265.0,
    "pct2ResTime" : 269.0,
    "pct3ResTime" : 341.56999999999937,
    "throughput" : 3.395454720839603,
    "receivedKBytesPerSec" : 1.0288817125342438,
    "sentKBytesPerSec" : 0.5341759571420303
  },
  "POST Activity" : {
    "transaction" : "POST Activity",
    "sampleCount" : 201,
    "errorCount" : 0,
    "errorPct" : 0.0,
    "meanResTime" : 257.2985074626867,
    "medianResTime" : 257.0,
    "minResTime" : 243.0,
    "maxResTime" : 308.0,
    "pct1ResTime" : 265.0,
    "pct2ResTime" : 268.0,
    "pct3ResTime" : 282.96,
    "throughput" : 3.460803388488094,
    "receivedKBytesPerSec" : 10.49837895904716,
    "sentKBytesPerSec" : 1.0888993870417878
  },
  "POST CoverPhoto" : {
    "transaction" : "POST CoverPhoto",
    "sampleCount" : 184,
    "errorCount" : 0,
    "errorPct" : 0.0,
    "meanResTime" : 262.5706521739131,
    "medianResTime" : 259.0,
    "minResTime" : 247.0,
    "maxResTime" : 440.0,
    "pct1ResTime" : 270.0,
    "pct2ResTime" : 275.0,
    "pct3ResTime" : 361.8000000000005,
    "throughput" : 3.4282307348338055,
    "receivedKBytesPerSec" : 69.43171602511552,
    "sentKBytesPerSec" : 1.0941750354002087
  },
  "GET Author" : {
    "transaction" : "GET Author",
    "sampleCount" : 194,
    "errorCount" : 0,
    "errorPct" : 0.0,
    "meanResTime" : 256.62371134020617,
    "medianResTime" : 256.0,
    "minResTime" : 244.0,
    "maxResTime" : 299.0,
    "pct1ResTime" : 264.0,
    "pct2ResTime" : 270.0,
    "pct3ResTime" : 289.5000000000001,
    "throughput" : 3.450974811441583,
    "receivedKBytesPerSec" : 1.1296411386438026,
    "sentKBytesPerSec" : 0.5541891432154546
  },
  "GET CoverPhoto" : {
    "transaction" : "GET CoverPhoto",
    "sampleCount" : 181,
    "errorCount" : 0,
    "errorPct" : 0.0,
    "meanResTime" : 256.1325966850827,
    "medianResTime" : 256.0,
    "minResTime" : 243.0,
    "maxResTime" : 279.0,
    "pct1ResTime" : 263.0,
    "pct2ResTime" : 265.0,
    "pct3ResTime" : 277.36,
    "throughput" : 3.404687558782589,
    "receivedKBytesPerSec" : 1.2008180772920507,
    "sentKBytesPerSec" : 0.5599225304258681
  },
  "DELETE Author" : {
    "transaction" : "DELETE Author",
    "sampleCount" : 194,
    "errorCount" : 0,
    "errorPct" : 0.0,
    "meanResTime" : 256.0051546391753,
    "medianResTime" : 256.0,
    "minResTime" : 242.0,
    "maxResTime" : 324.0,
    "pct1ResTime" : 263.0,
    "pct2ResTime" : 267.0,
    "pct3ResTime" : 277.45000000000056,
    "throughput" : 3.44993153486387,
    "receivedKBytesPerSec" : 0.7108745643127701,
    "sentKBytesPerSec" : 0.8437619480554124
  },
  "GET Author for Book" : {
    "transaction" : "GET Author for Book",
    "sampleCount" : 198,
    "errorCount" : 0,
    "errorPct" : 0.0,
    "meanResTime" : 257.45454545454555,
    "medianResTime" : 255.0,
    "minResTime" : 243.0,
    "maxResTime" : 374.0,
    "pct1ResTime" : 265.1,
    "pct2ResTime" : 270.09999999999997,
    "pct3ResTime" : 330.4399999999996,
    "throughput" : 3.4614174329568894,
    "receivedKBytesPerSec" : 1.6636150724625014,
    "sentKBytesPerSec" : 0.5626647123352331
  },
  "GET all CoverPhoto" : {
    "transaction" : "GET all CoverPhoto",
    "sampleCount" : 185,
    "errorCount" : 0,
    "errorPct" : 0.0,
    "meanResTime" : 261.0648648648649,
    "medianResTime" : 259.0,
    "minResTime" : 245.0,
    "maxResTime" : 347.0,
    "pct1ResTime" : 270.0,
    "pct2ResTime" : 276.7,
    "pct3ResTime" : 302.2799999999993,
    "throughput" : 3.426497008760719,
    "receivedKBytesPerSec" : 69.39660299285993,
    "sentKBytesPerSec" : 0.5521211000444518
  },
  "GET all Book" : {
    "transaction" : "GET all Book",
    "sampleCount" : 191,
    "errorCount" : 0,
    "errorPct" : 0.0,
    "meanResTime" : 279.3193717277488,
    "medianResTime" : 278.0,
    "minResTime" : 258.0,
    "maxResTime" : 372.0,
    "pct1ResTime" : 291.0,
    "pct2ResTime" : 295.79999999999995,
    "pct3ResTime" : 337.9599999999994,
    "throughput" : 3.461210880162369,
    "receivedKBytesPerSec" : 329.6083280573274,
    "sentKBytesPerSec" : 0.5374341112752116
  },
  "DELETE Activity" : {
    "transaction" : "DELETE Activity",
    "sampleCount" : 201,
    "errorCount" : 0,
    "errorPct" : 0.0,
    "meanResTime" : 257.53731343283573,
    "medianResTime" : 256.0,
    "minResTime" : 242.0,
    "maxResTime" : 358.0,
    "pct1ResTime" : 263.0,
    "pct2ResTime" : 266.9,
    "pct3ResTime" : 333.8399999999999,
    "throughput" : 3.4611013534456037,
    "receivedKBytesPerSec" : 0.7131761577900609,
    "sentKBytesPerSec" : 0.854075995712367
  },
  "POST Author" : {
    "transaction" : "POST Author",
    "sampleCount" : 196,
    "errorCount" : 0,
    "errorPct" : 0.0,
    "meanResTime" : 270.96938775510205,
    "medianResTime" : 264.0,
    "minResTime" : 246.0,
    "maxResTime" : 525.0,
    "pct1ResTime" : 275.0,
    "pct2ResTime" : 284.5499999999996,
    "pct3ResTime" : 521.12,
    "throughput" : 3.4656529042524977,
    "receivedKBytesPerSec" : 162.23209500154718,
    "sentKBytesPerSec" : 1.014516427592609
  },
  "DELETE Book" : {
    "transaction" : "DELETE Book",
    "sampleCount" : 190,
    "errorCount" : 0,
    "errorPct" : 0.0,
    "meanResTime" : 256.26315789473676,
    "medianResTime" : 256.0,
    "minResTime" : 241.0,
    "maxResTime" : 322.0,
    "pct1ResTime" : 264.0,
    "pct2ResTime" : 268.0,
    "pct3ResTime" : 293.7900000000001,
    "throughput" : 3.4619098810196234,
    "receivedKBytesPerSec" : 0.7133427586866606,
    "sentKBytesPerSec" : 0.8398903690578139
  },
  "POST User" : {
    "transaction" : "POST User",
    "sampleCount" : 176,
    "errorCount" : 0,
    "errorPct" : 0.0,
    "meanResTime" : 256.01704545454544,
    "medianResTime" : 256.0,
    "minResTime" : 243.0,
    "maxResTime" : 282.0,
    "pct1ResTime" : 264.0,
    "pct2ResTime" : 266.0,
    "pct3ResTime" : 273.52999999999986,
    "throughput" : 3.3948652662847443,
    "receivedKBytesPerSec" : 2.599193719499257,
    "sentKBytesPerSec" : 0.8924556473390814
  },
  "PUT User" : {
    "transaction" : "PUT User",
    "sampleCount" : 173,
    "errorCount" : 0,
    "errorPct" : 0.0,
    "meanResTime" : 257.75144508670536,
    "medianResTime" : 256.0,
    "minResTime" : 242.0,
    "maxResTime" : 428.0,
    "pct1ResTime" : 266.2,
    "pct2ResTime" : 270.29999999999995,
    "pct3ResTime" : 324.3999999999987,
    "throughput" : 3.35024594291026,
    "receivedKBytesPerSec" : 2.565032050040668,
    "sentKBytesPerSec" : 0.881058401758395
  },
  "Total" : {
    "transaction" : "Total",
    "sampleCount" : 5099,
    "errorCount" : 0,
    "errorPct" : 0.0,
    "meanResTime" : 267.6607177878016,
    "medianResTime" : 259.0,
    "minResTime" : 241.0,
    "maxResTime" : 1394.0,
    "pct1ResTime" : 278.0,
    "pct2ResTime" : 285.0,
    "pct3ResTime" : 508.0,
    "throughput" : 84.95784597953947,
    "receivedKBytesPerSec" : 1597.0631499352278,
    "sentKBytesPerSec" : 46.779032696441064
  },
  "POST Book" : {
    "transaction" : "POST Book",
    "sampleCount" : 191,
    "errorCount" : 0,
    "errorPct" : 0.0,
    "meanResTime" : 280.4240837696336,
    "medianResTime" : 279.0,
    "minResTime" : 261.0,
    "maxResTime" : 337.0,
    "pct1ResTime" : 292.0,
    "pct2ResTime" : 300.4,
    "pct3ResTime" : 335.15999999999997,
    "throughput" : 3.461963712820141,
    "receivedKBytesPerSec" : 329.70616356419134,
    "sentKBytesPerSec" : 16.18814614448714
  },
  "GET CoverPhotos for Book" : {
    "transaction" : "GET CoverPhotos for Book",
    "sampleCount" : 187,
    "errorCount" : 0,
    "errorPct" : 0.0,
    "meanResTime" : 257.3048128342247,
    "medianResTime" : 256.0,
    "minResTime" : 242.0,
    "maxResTime" : 304.0,
    "pct1ResTime" : 267.0,
    "pct2ResTime" : 277.6,
    "pct3ResTime" : 293.44000000000005,
    "throughput" : 3.4438939943645375,
    "receivedKBytesPerSec" : 1.2215708967936794,
    "sentKBytesPerSec" : 0.556345132967458
  },
  "PUT CoverPhoto" : {
    "transaction" : "PUT CoverPhoto",
    "sampleCount" : 179,
    "errorCount" : 0,
    "errorPct" : 0.0,
    "meanResTime" : 261.5251396648045,
    "medianResTime" : 260.0,
    "minResTime" : 246.0,
    "maxResTime" : 325.0,
    "pct1ResTime" : 272.0,
    "pct2ResTime" : 276.0,
    "pct3ResTime" : 314.59999999999985,
    "throughput" : 3.388996175546215,
    "receivedKBytesPerSec" : 68.63710125454391,
    "sentKBytesPerSec" : 1.0861664702374192
  }
}