{
	"info": {
		"_postman_id": "d01154f0-b6c2-4c7e-ae1e-04c0bfaba39e",
		"name": "Starter APIs",
		"schema": "https://schema.getpostman.com/json/collection/v2.1.0/collection.json"
	},
	"item": [
		{
			"name": "Create Employee",
			"event": [
				{
					"listen": "test",
					"script": {
						"exec": [
							"pm.test(\"Successful response\", function () {",
							"    pm.expect(pm.response.text()).to.include(\"success\");",
							"});",
							"var json = pm.response.json();",
							"pm.environment.set(\"id\", json.data.id);"
						],
						"type": "text/javascript"
					}
				}
			],
			"request": {
				"method": "POST",
				"header": [],
				"body": {
					"mode": "raw",
					"raw": "{\n    \"name\": \"{{name}}\",\n    \"salary\": \"{{salary}}\",\n    \"age\": \"{{age}}\"\n}",
					"options": {
						"raw": {
							"language": "json"
						}
					}
				},
				"url": {
					"raw": "http://dummy.restapiexample.com/api/v1/create",
					"protocol": "http",
					"host": [
						"dummy",
						"restapiexample",
						"com"
					],
					"path": [
						"api",
						"v1",
						"create"
					]
				}
			},
			"response": []
		},
		{
			"name": "Get All Employees",
			"event": [
				{
					"listen": "test",
					"script": {
						"exec": [
							"pm.test(\"Successful response\", function () {",
							"    pm.expect(pm.response.text()).to.include(\"success\");",
							"});",
							""
						],
						"type": "text/javascript"
					}
				}
			],
			"request": {
				"method": "GET",
				"header": [],
				"url": {
					"raw": "http://dummy.restapiexample.com/api/v1/employees",
					"protocol": "http",
					"host": [
						"dummy",
						"restapiexample",
						"com"
					],
					"path": [
						"api",
						"v1",
						"employees"
					]
				}
			},
			"response": []
		}
	]
}