{
  "PUT Activity" : {
    "transaction" : "PUT Activity",
    "sampleCount" : 50,
    "errorCount" : 0,
    "errorPct" : 0.0,
    "meanResTime" : 229.46,
    "medianResTime" : 229.0,
    "minResTime" : 221.0,
    "maxResTime" : 262.0,
    "pct1ResTime" : 234.0,
    "pct2ResTime" : 245.89999999999992,
    "pct3ResTime" : 262.0,
    "throughput" : 164.47368421052633,
    "receivedKBytesPerSec" : 551.6935649671053,
    "sentKBytesPerSec" : 50.07773951480263
  },
  "GET all Activity" : {
    "transaction" : "GET all Activity",
    "sampleCount" : 50,
    "errorCount" : 0,
    "errorPct" : 0.0,
    "meanResTime" : 2326.12,
    "medianResTime" : 2356.0,
    "minResTime" : 1904.0,
    "maxResTime" : 2638.0,
    "pct1ResTime" : 2618.0,
    "pct2ResTime" : 2626.25,
    "pct3ResTime" : 2638.0,
    "throughput" : 18.93939393939394,
    "receivedKBytesPerSec" : 63.71700402462121,
    "sentKBytesPerSec" : 2.829811789772727
  },
  "DELETE User" : {
    "transaction" : "DELETE User",
    "sampleCount" : 50,
    "errorCount" : 0,
    "errorPct" : 0.0,
    "meanResTime" : 226.67999999999998,
    "medianResTime" : 227.0,
    "minResTime" : 220.0,
    "maxResTime" : 241.0,
    "pct1ResTime" : 231.0,
    "pct2ResTime" : 234.24999999999997,
    "pct3ResTime" : 241.0,
    "throughput" : 30.959752321981423,
    "receivedKBytesPerSec" : 16.538070820433436,
    "sentKBytesPerSec" : 7.13827883126935
  },
  "GET Activitiy" : {
    "transaction" : "GET Activitiy",
    "sampleCount" : 50,
    "errorCount" : 0,
    "errorPct" : 0.0,
    "meanResTime" : 229.86,
    "medianResTime" : 225.0,
    "minResTime" : 218.0,
    "maxResTime" : 264.0,
    "pct1ResTime" : 252.8,
    "pct2ResTime" : 258.25,
    "pct3ResTime" : 264.0,
    "throughput" : 167.22408026755852,
    "receivedKBytesPerSec" : 112.45819397993311,
    "sentKBytesPerSec" : 25.416753762541806
  },
  "DELETE CoverPhoto" : {
    "transaction" : "DELETE CoverPhoto",
    "sampleCount" : 50,
    "errorCount" : 0,
    "errorPct" : 0.0,
    "meanResTime" : 232.81999999999994,
    "medianResTime" : 229.5,
    "minResTime" : 219.0,
    "maxResTime" : 275.0,
    "pct1ResTime" : 253.9,
    "pct2ResTime" : 265.0999999999999,
    "pct3ResTime" : 275.0,
    "throughput" : 31.269543464665414,
    "receivedKBytesPerSec" : 16.70355495622264,
    "sentKBytesPerSec" : 7.414912640712946
  },
  "GET Book" : {
    "transaction" : "GET Book",
    "sampleCount" : 50,
    "errorCount" : 0,
    "errorPct" : 0.0,
    "meanResTime" : 243.68000000000006,
    "medianResTime" : 238.0,
    "minResTime" : 223.0,
    "maxResTime" : 301.0,
    "pct1ResTime" : 268.9,
    "pct2ResTime" : 293.45,
    "pct3ResTime" : 301.0,
    "throughput" : 32.341526520051744,
    "receivedKBytesPerSec" : 34.089990297542045,
    "sentKBytesPerSec" : 4.76342678686934
  },
  "GET all Author" : {
    "transaction" : "GET all Author",
    "sampleCount" : 50,
    "errorCount" : 0,
    "errorPct" : 0.0,
    "meanResTime" : 467.93999999999994,
    "medianResTime" : 490.0,
    "minResTime" : 241.0,
    "maxResTime" : 554.0,
    "pct1ResTime" : 515.8,
    "pct2ResTime" : 534.9999999999999,
    "pct3ResTime" : 554.0,
    "throughput" : 83.75209380234506,
    "receivedKBytesPerSec" : 4502.03164258794,
    "sentKBytesPerSec" : 12.26837311557789
  },
  "GET all User" : {
    "transaction" : "GET all User",
    "sampleCount" : 50,
    "errorCount" : 0,
    "errorPct" : 0.0,
    "meanResTime" : 226.38,
    "medianResTime" : 224.0,
    "minResTime" : 220.0,
    "maxResTime" : 253.0,
    "pct1ResTime" : 233.9,
    "pct2ResTime" : 248.7,
    "pct3ResTime" : 253.0,
    "throughput" : 31.269543464665414,
    "receivedKBytesPerSec" : 34.2010631644778,
    "sentKBytesPerSec" : 4.5194262038774236
  },
  "PUT Book" : {
    "transaction" : "PUT Book",
    "sampleCount" : 50,
    "errorCount" : 0,
    "errorPct" : 0.0,
    "meanResTime" : 338.05999999999995,
    "medianResTime" : 307.5,
    "minResTime" : 249.0,
    "maxResTime" : 492.0,
    "pct1ResTime" : 467.6,
    "pct2ResTime" : 477.9999999999999,
    "pct3ResTime" : 492.0,
    "throughput" : 29.533372711163615,
    "receivedKBytesPerSec" : 2822.407523626698,
    "sentKBytesPerSec" : 132.8782579001772
  },
  "PUT Author" : {
    "transaction" : "PUT Author",
    "sampleCount" : 50,
    "errorCount" : 0,
    "errorPct" : 0.0,
    "meanResTime" : 258.78,
    "medianResTime" : 256.5,
    "minResTime" : 226.0,
    "maxResTime" : 297.0,
    "pct1ResTime" : 288.8,
    "pct2ResTime" : 295.45,
    "pct3ResTime" : 297.0,
    "throughput" : 72.67441860465117,
    "receivedKBytesPerSec" : 3170.5563567405525,
    "sentKBytesPerSec" : 20.434002543604652
  },
  "GET User" : {
    "transaction" : "GET User",
    "sampleCount" : 50,
    "errorCount" : 0,
    "errorPct" : 0.0,
    "meanResTime" : 225.9,
    "medianResTime" : 224.0,
    "minResTime" : 219.0,
    "maxResTime" : 257.0,
    "pct1ResTime" : 231.0,
    "pct2ResTime" : 237.24999999999997,
    "pct3ResTime" : 257.0,
    "throughput" : 30.826140567200987,
    "receivedKBytesPerSec" : 19.455990867755855,
    "sentKBytesPerSec" : 4.518558299938348
  },
  "POST Activity" : {
    "transaction" : "POST Activity",
    "sampleCount" : 50,
    "errorCount" : 0,
    "errorPct" : 0.0,
    "meanResTime" : 234.84000000000006,
    "medianResTime" : 233.0,
    "minResTime" : 221.0,
    "maxResTime" : 272.0,
    "pct1ResTime" : 249.39999999999998,
    "pct2ResTime" : 255.35,
    "pct3ResTime" : 272.0,
    "throughput" : 183.82352941176472,
    "receivedKBytesPerSec" : 618.4297449448529,
    "sentKBytesPerSec" : 55.854348575367645
  },
  "POST CoverPhoto" : {
    "transaction" : "POST CoverPhoto",
    "sampleCount" : 50,
    "errorCount" : 0,
    "errorPct" : 0.0,
    "meanResTime" : 232.28,
    "medianResTime" : 231.0,
    "minResTime" : 222.0,
    "maxResTime" : 282.0,
    "pct1ResTime" : 241.0,
    "pct2ResTime" : 260.04999999999995,
    "pct3ResTime" : 282.0,
    "throughput" : 31.34796238244514,
    "receivedKBytesPerSec" : 645.1741281347962,
    "sentKBytesPerSec" : 9.632151253918495
  },
  "GET Author" : {
    "transaction" : "GET Author",
    "sampleCount" : 50,
    "errorCount" : 0,
    "errorPct" : 0.0,
    "meanResTime" : 229.59999999999997,
    "medianResTime" : 228.0,
    "minResTime" : 220.0,
    "maxResTime" : 272.0,
    "pct1ResTime" : 237.8,
    "pct2ResTime" : 252.59999999999988,
    "pct3ResTime" : 272.0,
    "throughput" : 79.23930269413628,
    "receivedKBytesPerSec" : 51.762455427892235,
    "sentKBytesPerSec" : 11.825537341521395
  },
  "GET CoverPhoto" : {
    "transaction" : "GET CoverPhoto",
    "sampleCount" : 50,
    "errorCount" : 0,
    "errorPct" : 0.0,
    "meanResTime" : 226.60000000000005,
    "medianResTime" : 225.0,
    "minResTime" : 219.0,
    "maxResTime" : 249.0,
    "pct1ResTime" : 234.9,
    "pct2ResTime" : 242.35,
    "pct3ResTime" : 249.0,
    "throughput" : 31.387319522912744,
    "receivedKBytesPerSec" : 21.311499529190208,
    "sentKBytesPerSec" : 4.8067963355304455
  },
  "DELETE Author" : {
    "transaction" : "DELETE Author",
    "sampleCount" : 50,
    "errorCount" : 0,
    "errorPct" : 0.0,
    "meanResTime" : 242.86,
    "medianResTime" : 231.0,
    "minResTime" : 222.0,
    "maxResTime" : 288.0,
    "pct1ResTime" : 271.9,
    "pct2ResTime" : 273.45,
    "pct3ResTime" : 288.0,
    "throughput" : 75.87253414264036,
    "receivedKBytesPerSec" : 40.52956657814871,
    "sentKBytesPerSec" : 17.6951939491654
  },
  "GET Author for Book" : {
    "transaction" : "GET Author for Book",
    "sampleCount" : 50,
    "errorCount" : 0,
    "errorPct" : 0.0,
    "meanResTime" : 240.26000000000005,
    "medianResTime" : 237.5,
    "minResTime" : 224.0,
    "maxResTime" : 279.0,
    "pct1ResTime" : 257.0,
    "pct2ResTime" : 266.84999999999997,
    "pct3ResTime" : 279.0,
    "throughput" : 159.2356687898089,
    "receivedKBytesPerSec" : 127.03087679140127,
    "sentKBytesPerSec" : 24.075064689490446
  },
  "GET all CoverPhoto" : {
    "transaction" : "GET all CoverPhoto",
    "sampleCount" : 50,
    "errorCount" : 0,
    "errorPct" : 0.0,
    "meanResTime" : 230.54,
    "medianResTime" : 230.0,
    "minResTime" : 222.0,
    "maxResTime" : 250.0,
    "pct1ResTime" : 237.0,
    "pct2ResTime" : 239.35,
    "pct3ResTime" : 250.0,
    "throughput" : 31.505986137366097,
    "receivedKBytesPerSec" : 648.4264236767486,
    "sentKBytesPerSec" : 4.738204946439824
  },
  "GET all Book" : {
    "transaction" : "GET all Book",
    "sampleCount" : 50,
    "errorCount" : 0,
    "errorPct" : 0.0,
    "meanResTime" : 439.74000000000007,
    "medianResTime" : 307.5,
    "minResTime" : 238.0,
    "maxResTime" : 902.0,
    "pct1ResTime" : 889.9,
    "pct2ResTime" : 898.35,
    "pct3ResTime" : 902.0,
    "throughput" : 37.0919881305638,
    "receivedKBytesPerSec" : 3544.645133994807,
    "sentKBytesPerSec" : 5.360951409495549
  },
  "DELETE Activity" : {
    "transaction" : "DELETE Activity",
    "sampleCount" : 50,
    "errorCount" : 0,
    "errorPct" : 0.0,
    "meanResTime" : 231.22,
    "medianResTime" : 228.0,
    "minResTime" : 222.0,
    "maxResTime" : 266.0,
    "pct1ResTime" : 237.0,
    "pct2ResTime" : 261.79999999999995,
    "pct3ResTime" : 266.0,
    "throughput" : 177.3049645390071,
    "receivedKBytesPerSec" : 94.7127105496454,
    "sentKBytesPerSec" : 41.839816046099294
  },
  "POST Author" : {
    "transaction" : "POST Author",
    "sampleCount" : 50,
    "errorCount" : 0,
    "errorPct" : 0.0,
    "meanResTime" : 265.4,
    "medianResTime" : 255.0,
    "minResTime" : 225.0,
    "maxResTime" : 320.0,
    "pct1ResTime" : 312.7,
    "pct2ResTime" : 316.45,
    "pct3ResTime" : 320.0,
    "throughput" : 76.4525993883792,
    "receivedKBytesPerSec" : 3900.0964616781343,
    "sentKBytesPerSec" : 21.435098910550458
  },
  "DELETE Book" : {
    "transaction" : "DELETE Book",
    "sampleCount" : 50,
    "errorCount" : 0,
    "errorPct" : 0.0,
    "meanResTime" : 245.01999999999998,
    "medianResTime" : 230.5,
    "minResTime" : 221.0,
    "maxResTime" : 557.0,
    "pct1ResTime" : 276.2,
    "pct2ResTime" : 311.6999999999999,
    "pct3ResTime" : 557.0,
    "throughput" : 30.50640634533252,
    "receivedKBytesPerSec" : 16.29590260829774,
    "sentKBytesPerSec" : 7.055202295607077
  },
  "POST User" : {
    "transaction" : "POST User",
    "sampleCount" : 50,
    "errorCount" : 0,
    "errorPct" : 0.0,
    "meanResTime" : 226.28000000000003,
    "medianResTime" : 225.0,
    "minResTime" : 219.0,
    "maxResTime" : 245.0,
    "pct1ResTime" : 232.9,
    "pct2ResTime" : 238.04999999999995,
    "pct3ResTime" : 245.0,
    "throughput" : 31.133250311332503,
    "receivedKBytesPerSec" : 34.05199252801992,
    "sentKBytesPerSec" : 7.850200420298878
  },
  "PUT User" : {
    "transaction" : "PUT User",
    "sampleCount" : 50,
    "errorCount" : 0,
    "errorPct" : 0.0,
    "meanResTime" : 230.67999999999998,
    "medianResTime" : 229.0,
    "minResTime" : 219.0,
    "maxResTime" : 257.0,
    "pct1ResTime" : 247.8,
    "pct2ResTime" : 249.89999999999998,
    "pct3ResTime" : 257.0,
    "throughput" : 30.61849357011635,
    "receivedKBytesPerSec" : 33.488977342314755,
    "sentKBytesPerSec" : 7.723395399571341
  },
  "Total" : {
    "transaction" : "Total",
    "sampleCount" : 1350,
    "errorCount" : 0,
    "errorPct" : 0.0,
    "meanResTime" : 340.3866666666673,
    "medianResTime" : 232.0,
    "minResTime" : 218.0,
    "maxResTime" : 2638.0,
    "pct1ResTime" : 462.7000000000003,
    "pct2ResTime" : 721.1500000000049,
    "pct3ResTime" : 2557.3500000000004,
    "throughput" : 131.06796116504853,
    "receivedKBytesPerSec" : 2514.799188410194,
    "sentKBytesPerSec" : 69.1284890776699
  },
  "POST Book" : {
    "transaction" : "POST Book",
    "sampleCount" : 50,
    "errorCount" : 0,
    "errorPct" : 0.0,
    "meanResTime" : 444.8400000000001,
    "medianResTime" : 332.0,
    "minResTime" : 277.0,
    "maxResTime" : 882.0,
    "pct1ResTime" : 780.9,
    "pct2ResTime" : 854.9,
    "pct3ResTime" : 882.0,
    "throughput" : 29.533372711163615,
    "receivedKBytesPerSec" : 2822.7155474748965,
    "sentKBytesPerSec" : 132.85460812906084
  },
  "GET CoverPhotos for Book" : {
    "transaction" : "GET CoverPhotos for Book",
    "sampleCount" : 50,
    "errorCount" : 0,
    "errorPct" : 0.0,
    "meanResTime" : 234.82,
    "medianResTime" : 231.0,
    "minResTime" : 221.0,
    "maxResTime" : 303.0,
    "pct1ResTime" : 251.59999999999997,
    "pct2ResTime" : 294.25,
    "pct3ResTime" : 303.0,
    "throughput" : 30.26634382566586,
    "receivedKBytesPerSec" : 20.609488498789347,
    "sentKBytesPerSec" : 4.5464541086561745
  },
  "PUT CoverPhoto" : {
    "transaction" : "PUT CoverPhoto",
    "sampleCount" : 50,
    "errorCount" : 0,
    "errorPct" : 0.0,
    "meanResTime" : 229.78000000000003,
    "medianResTime" : 228.0,
    "minResTime" : 222.0,
    "maxResTime" : 249.0,
    "pct1ResTime" : 239.9,
    "pct2ResTime" : 246.35,
    "pct3ResTime" : 249.0,
    "throughput" : 31.367628607277293,
    "receivedKBytesPerSec" : 645.5788797835634,
    "sentKBytesPerSec" : 9.663312617628607
  }
}